{
  "blogs": [
    {
      "id": 1,
      "title": "10 Essential Tools for Every Blogger",
      "author": "Alice Johnson",
      "date": "2023-10-01",
      "content": "In this blog post, we'll explore 10 essential tools that every blogger should have in their toolkit to enhance productivity and improve their blog's performance.",
      "imageUrl": "https://via.placeholder.com/150"
    },
    {
      "id": 2,
      "title": "The Power of Storytelling in Blogging",
      "author": "Brian Adams",
      "date": "2023-09-28",
      "content": "Discover the significance of storytelling in blogging. This post discusses how effectively incorporating storytelling can captivate readers and convey messages in a more engaging way.",
      "imageUrl": "https://via.placeholder.com/150"
    },
    {
      "id": 3,
      "title": "SEO Best Practices for Bloggers",
      "author": "Elena Martinez",
      "date": "2023-09-25",
      "content": "Learn about the best SEO practices specifically tailored for bloggers. This guide covers on-page optimization, keyword research, backlinking, and more to improve your blog's visibility.",
      "imageUrl": "https://via.placeholder.com/150"},
    {
      "id": 4,
      "title": "How to Monetize Your Blog: A Comprehensive Guide",
      "author": "David Thompson",
      "date": "2023-09-22",
      "content": "Monetizing your blog can be a rewarding endeavor. This blog post offers an in-depth guide on various monetization strategies, including affiliate marketing, sponsored content, and more.",
      "imageUrl": "https://via.placeholder.com/150"
    },
    {
      "id": 5,
      "title": "The Importance of Consistency in Blogging",
      "author": "Sarah Miller",
      "date": "2023-09-20",
      "content": "Consistency is key in the blogging world. Learn why maintaining a consistent publishing schedule and content quality is crucial for building and retaining an audience.",
      "imageUrl": "https://via.placeholder.com/150"
    },
    {
      "id": 6,
      "title": "Crafting Compelling Headlines: A Guide for Bloggers",
      "author": "Michael Davis",
      "date": "2023-09-18",
      "content": "Catchy headlines are vital to grab readers' attention. This post provides tips and techniques to help bloggers craft engaging and irresistible headlines for their blog posts.",
      "imageUrl": "https://via.placeholder.com/150"
    },
    {
      "id": 7,
      "title": "The Rise of Video Blogging (Vlogging)",
      "author": "Laura Turner",
      "date": "2023-09-15",
      "content": "Video blogging is gaining traction. Explore how vlogging has become a powerful tool for bloggers and learn the basics to get started with creating compelling video content.",
      "imageUrl": "https://via.placeholder.com/150"
    },
    {
      "id": 8,
      "title": "Navigating the Challenges of Blogging: Tips for New Bloggers",
      "author": "Robert Clark",
      "date": "2023-09-12",
      "content": "Starting a blog can be challenging. This post provides insights and tips to help new bloggers navigate common challenges and stay motivated on their blogging journey.",
      "imageUrl": "https://via.placeholder.com/150"
    },
    {
      "id": 9,
      "title": "Social Media Strategies to Boost Your Blog Traffic",
      "author": "Sophia Evans",
      "date": "2023-09-10",
      "content": "Leverage the power of social media to drive traffic to your blog. This guide offers effective strategies and best practices to enhance your blog's visibility on various social platforms.",
      "imageUrl": "https://via.placeholder.com/150"
    },
    {
      "id": 10,
      "title": "The Future of Blogging: Trends to Watch",
      "author": "Daniel Carter",
      "date": "2023-09-08",
      "content": "Stay ahead of the curve by exploring the emerging trends in the world of blogging. This post highlights the technologies and trends that are shaping the future of blogging.",
      "imageUrl": "https://via.placeholder.com/150"
    },
    {
      "id": 11,
      "title": "Top 5 Blogging Platforms: A Comparison",
      "author": "Emily Wright",
      "date": "2023-09-06",
      "content": "Choosing the right blogging platform is crucial. This blog post compares the top blogging platforms, outlining their features, benefits, and drawbacks to help you make an informed decision.",
      "imageUrl": "https://via.placeholder.com/150"
    },
    {
      "id": 12,
      "title": "Creating an Effective Blog Content Calendar",
      "author": "Alex Bennett",
      "date": "2023-09-04",
      "content": "A content calendar is essential for organized blogging. Learn how to create and maintain an effective blog content calendar to streamline your content production and publishing process.",
      "imageUrl": "https://via.placeholder.com/150"
    },
    {
      "id": 13,
      "title": "Engaging Your Blog Readers: Strategies for Success",
      "author": "Olivia Parker",
      "date": "2023-09-02",
      "content": "Building reader engagement is key to a successful blog. Discover effective strategies to connect with your audience and keep them coming back for more with this informative post.",
      "imageUrl": "https://via.placeholder.com/150"
    },
    {
      "id": 14,
      "title": "Blogging and Mental Health: Finding Balance",
      "author": "Ryan Mitchell",
      "date": "2023-08-30",
      "content": "Blogging can be mentally demanding. This post discusses the importance of maintaining mental health and finding balance while pursuing a blogging career or hobby.",
      "imageUrl": "https://via.placeholder.com/150"
    },
    {
      "id": 15,
      "title": "The Impact of Visuals in Blogging",
      "author": "Jessica Turner",
      "date": "2023-08-28",
      "content": "Visual content enhances the appeal of your blog. Learn about the different types of visuals, how to use them effectively, and their impact on your blog's engagement and success.",
      "imageUrl": "https://via.placeholder.com/150"
    },
    {
      "id": 16,
      "title": "Blogging in a Crowded Niche: Standing Out",
      "author": "William Anderson",
      "date": "2023-08-26",
      "content": "Competing in a crowded blogging niche can be tough. Explore strategies to differentiate yourself, build a unique brand, and stand out in your niche to attract a dedicated audience.",
      "imageUrl": "https://via.placeholder.com/150"
    },
    {
      "id": 17,
      "title": "Mastering the Art of Guest Blogging",
      "author": "Sophie Lee",
      "date": "2023-08-24",
      "content": "Guest blogging can expand your blog's reach. This guide provides tips on how to effectively pitch guest posts, write compelling content, and maximize the benefits of guest blogging.",
      "imageUrl": "https://via.placeholder.com/150"
    },
    {
      "id": 18,
      "title": "The Role of Email Marketing in Blog Growth",
      "author": "Tom Mitchell",
      "date": "2023-08-22",
      "content": "Email marketing is a powerful tool for bloggers. Discover how to effectively use email campaigns to grow your blog's audience, engage readers, and drive traffic to your content.",
      "imageUrl": "https://via.placeholder.com/150"
    },
    {
      "id": 19,
      "title": "Diversifying Your Blogging Income Streams",
      "author": "Grace Adams",
      "date": "2023-08-20",
      "content": "Relying on a single income stream is risky. Learn how to diversify your blog's income sources, including ads, sponsored content, affiliate marketing, products, and services.",
      "imageUrl": "https://via.placeholder.com/150"
    },
    {
      "id": 20,
      "title": "The Impact of Mobile on Blog Design",
      "author": "Nathan Johnson",
      "date": "2023-08-18",
      "content": "Mobile devices are prevalent. Explore how to optimize your blog's design for mobile, providing an excellent user experience and improving your blog's overall accessibility.",
      "imageUrl": "https://via.placeholder.com/150"
    },
    {
      "id": 21,
      "title": "Incorporating User Feedback for Blog Improvement",
      "author": "Maria Ramirez",
      "date": "2023-08-16",
      "content": "Feedback from your readers is invaluable. Learn how to collect, analyze, and utilize user feedback to enhance your blog, engage your audience, and meet their expectations.",
      "imageUrl": "https://via.placeholder.com/150"
    },
    {
      "id": 22,
      "title": "Blogging for a Cause: Creating Social Impact",
      "author": "Erica Mitchell",
      "date": "2023-08-14",
      "content": "Blogging can be a platform for positive change. Discover how to use your blog to raise awareness about social issues, support causes, and make a meaningful impact in your community.",
      "imageUrl": "https://via.placeholder.com/150"
    },
    {
      "id": 23,
      "title": "Managing Blogging and a Full-Time Job",
      "author": "Paul Turner",
      "date": "2023-08-12",
      "content": "Balancing a full-time job and a blog can be challenging. This post offers tips on managing time, setting priorities, and staying productive while juggling both responsibilities.",
      "imageUrl": "https://via.placeholder.com/150"
    },
    {
      "id": 24,
      "title": "The Art of Networking for Bloggers",
      "author": "Jessica Collins",
      "date": "2023-08-10",
      "content": "Networking is crucial for bloggers. Explore strategies to expand your network, collaborate with fellow bloggers, and create mutually beneficial relationships that can elevate your blog's reach and influence.",
      "imageUrl": "https://via.placeholder.com/150"
    },
    {
      "id": 25,
      "title": "Building a Personal Brand as a Blogger",
      "author": "Samuel Adams",
      "date": "2023-08-08",
      "content": "Creating a strong personal brand is essential for success. Learn how to define and build your personal brand as a blogger, including consistency, authenticity, and audience engagement.",
      "imageUrl": "https://via.placeholder.com/150"
    },
    {
      "id": 26,
      "title": "Creating a Memorable Blogging Experience",
      "author": "Julia Davis",
      "date": "2023-08-06",
      "content": "Deliver a memorable experience to your blog visitors. Discover strategies to enhance user engagement, improve site speed, optimize navigation, and provide valuable, relevant content.",
      "imageUrl": "https://via.placeholder.com/150"
    },
    {
      "id": 27,
      "title": "Blogging and Legal Considerations: A Primer",
      "author": "Robert Turner",
      "date": "2023-08-04",
      "content": "Legal aspects are important in blogging. This post covers legal considerations such as copyrights, disclosures, disclaimers, and other important legal matters every blogger should be aware of.",
      "imageUrl": "https://via.placeholder.com/150"
    },
    {
      "id": 28,
      "title": "The Psychology of Blog Design: Engaging Readers",
      "author": "Sophie Mitchell",
      "date": "2023-08-02",
      "content": "Understand the psychological aspects of blog design. Learn how color, typography, layout, and other design elements influence reader behavior and engagement on your blog.",
      "imageUrl": "https://via.placeholder.com/150"
    },
    {
      "id": 29,
      "title": "Building a Blogging Community: Tips and Strategies",
      "author": "Daniel Turner",
      "date": "2023-07-31",
      "content": "Fostering a blogging community is vital. Explore tips and strategies to build an engaged community around your blog, promote interaction, and cultivate a loyal readership.",
      "imageUrl": "https://via.placeholder.com/150"
    },
    {
      "id": 30,
      "title": "Blogging for Beginners: A Step-by-Step Guide",
      "author": "Laura Miller",
      "date": "2023-07-29",
      "content": "New to blogging? This comprehensive guide walks you through the steps of starting a blog, from choosing a niche to setting up your blog, creating content, and promoting it effectively.",
      "imageUrl": "https://via.placeholder.com/100"
    }
  ]
}